,GeoAreaName,Time_Detail,BOTHSEX.SKILL_READ.GRAD23,BOTHSEX.SKILL_READ.LOWSEC,FEMALE.SKILL_MATH.GRAD23,FEMALE.SKILL_MATH.LOWSEC,MALE.SKILL_MATH.GRAD23,BOTHSEX.SKILL_MATH.PRIMAR,MALE.SKILL_READ.GRAD23,MALE.SKILL_MATH.LOWSEC,FEMALE.SKILL_READ.LOWSEC,BOTHSEX.SKILL_READ.PRIMAR,FEMALE.SKILL_READ.GRAD23,BOTHSEX.SKILL_MATH.LOWSEC,MALE.SKILL_READ.PRIMAR,FEMALE.SKILL_READ.PRIMAR,BOTHSEX.SKILL_MATH.GRAD23,MALE.SKILL_MATH.PRIMAR,MALE.SKILL_READ.LOWSEC,FEMALE.SKILL_MATH.PRIMAR
0,Afghanistan,2016,22.0,38.0448334245869,22.5,28.415388609796498,26.5,3.8647809608137442,21.5,28.342291555259763,41.67333333333333,11.694221583935333,22.5,28.40191514575697,14.557122934489632,17.57925158632803,24.5,17.34076404936155,34.876666666666665,14.478434384426658
1,Argentina,2006,71.7278217420377,42.1360341314309,57.4441234278841,34.0,56.62442699826121,48.594413824779,69.2822915765473,37.94,50.18,44.70338831006471,75.7942248547671,35.8565198286177,42.086772720278,47.375020490801404,56.7716806983736,50.83023242768189,33.1,47.9332754573022
2,Argentina,2013,76.3238875592032,59.694244923605766,73.7660237066364,40.26,68.4027584532019,55.602812449876296,72.4916775950772,44.29,55.43666666666667,46.4210376450335,79.99772734415991,42.20438631111107,41.3690045540527,51.4023419057946,71.14711855361921,58.627595684702705,38.446666666666665,52.5272773071365
3,Australia,2011,92.9327995842783,80.290074883196,69.12468691445729,80.61,71.20735033095279,62.9412863521891,91.064701859836,80.13333333333334,87.45666666666666,67.08145767527456,94.8748444898021,80.3665418238938,66.45035232823552,67.986424207805,70.1788972116369,64.2692721435066,73.3,61.6040575997986
4,Australia,2016,94.4862050725685,82.25670066898441,55.63502343440056,79.19333333333334,60.68610490940421,68.07642678844826,92.9351855752569,79.08,89.81,70.97259967171652,96.23328818152528,79.12707388295773,68.69225796727477,73.45903351888636,58.198133617042934,67.3799916980754,74.69333333333333,68.8193781094737
5,Bahrain,2016,69.3683351141286,43.6433853789764,45.62457805235317,26.109992610086167,44.254134120664304,40.26361686184863,59.8273765614051,29.807560395525698,48.92666666666667,41.73029592610303,78.98645580854141,27.837803488054032,38.927225491144064,44.64333678319997,44.76463896302994,42.44762874013943,37.6,38.6621075250143
6,Bangladesh,2015,41.0,54.0,30.723118095888832,52.0,30.52935296156443,25.0,41.26666666666667,62.0,54.0,45.0,45.5,57.0,27.2205159105383,28.449132277164633,28.0,18.867164006923367,55.0,19.143519142762234
7,Bangladesh,2017,47.0,38.044833424586905,39.01307320647293,37.371358310601,39.46737161885843,32.0,43.0726920230795,42.79544143367196,41.67333333333334,44.0,51.91992458420577,40.117582505440936,35.0549627311591,37.25650857264357,34.0,35.390494754553536,34.87666666666667,33.06547450997704
8,Botswana,2011,55.7019103092505,46.6664287217811,30.9831928558813,35.032316410251504,26.7786938410625,15.1848055384838,48.5866259739708,35.459400520614565,48.906666666666666,25.7530059560013,62.5684940696601,35.277274897952466,24.125748079085536,27.40767119675523,28.9452153037704,13.795549833187001,44.71,16.495110615126
9,Brazil,2006,68.4538712071018,44.4966481777709,54.7525529448098,24.33,52.0460455108624,40.4585136450889,64.1639536095921,31.14,50.08,49.9315380635258,73.82804213181991,27.480071385672897,46.1968009109093,53.9236086096055,53.1277448565281,42.742073432448,38.0,38.3385142457684
10,Brazil,2013,80.21203239470809,59.694244923605766,72.71783517986891,47.67333333333334,68.6388266950631,51.6961877423973,75.7208075542713,51.59,61.66,53.052560610634394,84.730114751884,49.59380211472956,51.7444697672355,54.2323783504119,70.71033499256691,54.7448400343484,45.166666666666664,48.74705219893929
11,Belize,2001,25.2179546251148,38.0448334245869,14.397323842389122,28.415388609796498,15.048613659443072,15.998114294147078,21.560335751613803,28.342291555259763,41.67333333333333,23.160888250602,29.6990470973832,28.40191514575697,22.120456267822963,24.322584919661367,14.517526329133398,17.79823624731428,34.876666666666665,14.018811136192626
12,Burundi,2014,79.01,62.4024331953403,97.07,65.4658190936899,97.43,39.9,81.07,66.4094063912894,70.13666666666666,7.4,78.87,65.9192742862014,41.376843280259095,45.757748491546806,97.24,28.75,53.416666666666664,54.01
13,Cameroon,2014,29.54,38.0448334245869,51.33,35.03,62.78,11.8,31.85,44.71,41.67333333333333,24.1,27.31,39.77984147422813,22.12,26.52,56.95,11.45,34.876666666666665,10.75
14,Canada,2001,96.9073578586105,78.7926097464363,83.66218837723125,80.13303253594476,83.95510923572677,68.07642678844826,95.9352657787899,81.59469250184873,85.30666666666666,70.97259967171652,97.8955841827006,80.87574497550233,68.69225796727477,73.45903351888636,83.7988546410443,67.3799916980754,72.06666666666668,68.8193781094737
15,Canada,2011,97.75077833597071,79.04236213241143,71.36230616600177,73.64388010892154,74.11731993455408,68.07642678844826,97.29483306016891,76.15861944389268,85.88666666666666,70.97259967171652,98.20169772226679,74.92380862233966,68.69225796727477,73.45903351888636,72.74009975083354,67.3799916980754,72.09666666666666,68.8193781094737
16,Canada,2016,95.7403912183263,80.59631697037518,80.39298018891238,83.50581909368991,81.21091880756855,68.07642678844826,95.2713701248912,83.6694063912894,87.28666666666668,70.97259967171652,96.32409323678759,83.5689969409092,68.69225796727477,73.45903351888636,80.8236966671271,67.3799916980754,73.91666666666667,68.8193781094737
17,Chad,2014,17.52,38.0448334245869,34.19,28.415388609796498,60.38,3.0,19.86,28.342291555259763,41.67333333333333,3.0,14.95,28.40191514575697,18.916666666666668,22.346666666666664,47.84,3.14,34.876666666666665,1.0
18,Chile,2006,88.436778909,63.7407579027148,65.9183358638552,62.76721344225487,68.60704680136949,50.90763881380939,88.1336873340621,66.31861944389267,67.95,61.6217064536942,89.38688121503071,64.55775708922147,60.97320893606089,63.1349673472142,66.99403611673151,52.980375078631,60.16,49.2099404909136
19,Chile,2013,93.5745039311119,80.5213678187125,90.30105073193279,78.72666666666667,89.1257644499049,75.41674759777429,92.5994672996508,79.80666666666667,87.68,69.741161255967,94.63804549081,79.2662882510471,66.81757307557939,72.9414482961924,89.6890525036635,75.5304588516856,73.36,75.3039017801587
20,China,2016,81.8,79.6,72.29942886467164,61.9526925354706,71.26033900841927,57.507697942600295,76.65886337632337,62.275234670341696,87.58,52.643248973010735,84.89293975458743,62.158422670785875,50.18082305506434,55.10901062841747,71.80079597239343,60.90887993339413,74.24333333333334,54.11056320780454
21,Colombia,2006,71.45523123768349,44.297473827727394,51.58978696920361,23.48,54.4243373575807,38.0543485065204,70.18917962841189,33.5,46.52,48.1911587710108,73.5031039539976,28.103804728578897,49.1107166812358,47.392490279148,52.826723877916606,42.4127556560635,41.7,34.4180932710699
22,Colombia,2013,78.9920704033332,63.27809706563607,64.7725706196671,47.67333333333334,64.1892310353591,47.670221790834894,76.2944594623358,51.59,61.36000000000001,55.273742013390006,81.6080897818822,49.59380211472956,54.0973698063912,56.64904584384129,64.486330941283,52.5274003295716,47.46666666666667,42.0795222663579
23,Congo,2014,38.48,38.0448334245869,71.02,38.53666666666667,72.96,5.9,38.3,46.19,41.67333333333334,17.1,38.67,42.36407984090773,16.08,18.06,72.0,22.96666666666667,34.876666666666665,17.883333333333333
24,Costa Rica,2006,88.1392844322125,74.71912101826013,71.0304858685297,73.25666666666666,75.2521371626165,62.651503016712,87.34984428296009,74.58999999999999,81.37,71.3273178675352,89.20592193808879,73.91730518863847,71.2184813131459,71.2749971101607,72.942992533027,67.0060640248202,68.08999999999999,57.850286801372
25,Costa Rica,2013,89.2775922968984,74.71912101826014,83.96657605959929,73.25666666666667,84.72692751572909,60.0914292231367,87.40200104532221,74.59,81.36999999999999,68.2953487045943,91.2967465787834,73.91730518863847,67.1593667354998,69.5493081660401,84.3616702293325,63.2080377372507,68.08999999999999,56.8247294245893
26,Cuba,2006,92.96199671475608,80.290074883196,90.0032421917216,80.61,87.62691175414659,77.4552164911333,91.51174975954979,80.13333333333334,87.45666666666666,74.8812890545883,94.50834478393111,80.3665418238938,72.09983409074509,77.88634409442659,88.7216536223159,76.2519285395008,73.3,78.7720423714228
27,Cyprus,2001,86.756844695821,57.1160191629119,56.88511973921246,59.81,57.43065279641604,57.8835236845527,83.594500457608,62.23333333333333,64.42666666666666,67.08145767527456,90.1256294240113,61.0144194306709,66.45035232823554,67.986424207805,57.074720229259064,61.0648256135673,49.949999999999996,54.62831890562497
28,Czechia,2001,97.2700246299243,80.77678729126406,75.90023921455527,80.13303253594476,77.39664805435184,68.07642678844826,96.57942814522579,81.59469250184874,86.35666666666667,70.97259967171652,97.99281046519621,80.87574497550234,68.69225796727477,73.45903351888636,76.65197050407447,67.3799916980754,75.23333333333333,68.8193781094737
29,Czechia,2011,98.2507899128277,78.49689291444953,69.2803571182731,78.48333333333333,74.1540281026723,58.983368548446094,97.9271146172439,80.30333333333334,84.35666666666667,67.08145767527456,98.5671546645261,79.3983930061546,66.45035232823552,67.986424207805,71.7926603577388,60.54430795712219,72.73666666666666,57.278844859336736
30,Czechia,2016,97.039474329025,78.7926097464363,83.66218837723125,80.13303253594476,83.95510923572677,68.07642678844826,96.13596858565859,81.59469250184873,85.30666666666666,70.97259967171652,97.9758398259976,80.87574497550233,68.69225796727477,73.45903351888636,83.7988546410443,67.3799916980754,72.06666666666668,68.8193781094737
31,Benin,2014,8.82,38.97644537130523,36.67,28.415388609796498,31.36,10.8,8.88,28.342291555259763,42.96666666666666,22.7,8.77,28.40191514575697,26.05,20.31,33.92,10.534902913980948,35.06666666666667,8.215477802859292
32,Denmark,2006,96.51308650653161,83.9857674627264,74.58979842184283,84.82,76.09851295470884,68.07642678844826,95.88469990128641,87.93,88.63,70.97259967171652,97.2057686256427,86.3660291915847,68.69225796727477,73.45903351888636,75.34655748159484,67.3799916980754,79.29,68.8193781094737
33,Denmark,2011,98.573216930037,78.49689291444953,81.159006327312,82.17333333333333,82.5915986730249,70.98779777068142,98.3422598855289,84.05666666666667,84.35666666666667,70.97259967171652,98.80472308057459,83.12292427017313,68.69225796727477,73.45903351888636,81.85847585994179,71.66347504281235,72.73666666666666,70.30022452539026
34,Denmark,2016,97.37894663320449,80.77678729126406,71.36230616600177,78.95969920261143,74.11731993455408,68.07642678844826,97.2050686726375,79.63469250184873,86.35666666666667,70.97259967171652,97.585847201676,79.31610169208717,68.69225796727477,73.45903351888636,72.74009975083354,67.3799916980754,75.23333333333333,68.8193781094737
35,Dominican Republic,2006,21.886051080550104,38.0448334245869,11.1050609553196,28.415388609796498,9.03493118009789,7.094342882441231,20.5448824860489,28.342291555259767,41.67333333333333,10.582664751806,26.2229413737988,28.40191514575697,9.04136880346889,12.217754758984098,9.45541361828983,8.61470874194284,34.876666666666665,6.306433408577879
36,Dominican Republic,2013,44.22525248555821,38.0448334245869,27.4100378787879,27.027633857688603,23.303988630205602,12.343768202772601,39.9736749372966,26.013039956961933,41.67333333333334,20.6180534084067,48.0558408815015,26.587258490645137,19.3770593308419,21.8132061206887,25.4357113710221,12.874119954135802,34.876666666666665,11.7745163442295
37,Ecuador,2006,47.9099009214078,38.044833424586905,40.600770399689004,35.032316410251504,39.575667918421004,25.751094009355697,46.0262882729156,35.459400520614565,41.67333333333334,22.360042251395804,49.8235132437398,35.277274897952466,20.946260168179997,23.5722125116865,40.1813088064277,25.818918060163604,34.87666666666667,25.9478825268299
38,Ecuador,2013,74.4659206510682,55.344502653052764,63.187774723860706,34.343333333333334,66.0981288346485,48.3665455454301,74.3703831043741,40.13999999999999,51.06,37.9313823934966,74.5630998055936,37.072182835796866,37.8711499615667,38.0013921065481,64.6981341361962,49.7841533717657,37.076666666666675,46.71730563267511
39,El Salvador,2006,65.6013721646598,43.49864478103806,41.976004799040204,30.646983968454435,47.301330538594705,27.2587686286316,64.9372192143762,33.59586042395097,47.6,33.5307842842089,66.4524778664863,32.0380619942153,34.0595293750974,33.0965784791296,44.688695976850504,30.1295930214315,39.04333333333333,24.7011249172855
40,Finland,2011,99.20121275044409,84.960684308464,84.3127799729915,84.03666666666668,84.9995490755697,70.98779777068142,98.91158531669979,86.70333333333333,88.88,70.97259967171652,99.4965604487077,85.38452811624133,68.69225796727477,73.45903351888636,84.66515783794941,71.66347504281235,81.10000000000001,70.30022452539026
41,Finland,2016,98.2899335233376,79.04236213241143,72.29331405758562,78.48333333333333,75.92514986991704,68.07642678844826,97.6505436902645,80.30333333333333,85.88666666666666,70.97259967171652,98.92597022268471,79.3983930061546,68.69225796727477,73.45903351888636,74.12817234997493,67.3799916980754,72.09666666666666,68.8193781094737
42,Georgia,2006,82.0221117129424,62.4024331953403,71.46656036467358,47.673333333333325,68.77690330806347,55.8660451924861,78.8464233352988,51.589999999999996,61.66,55.632822556966566,85.4317020544984,49.59380211472956,53.249821215475436,58.035522088932,70.1045227511379,58.9220644200548,45.166666666666664,52.62715686924347
43,Georgia,2011,86.4854923235735,62.4024331953403,42.1036143979804,59.81,40.4789128173504,37.96917698664367,83.4717127973121,62.23333333333333,70.13666666666666,42.141777121761464,89.90729547989041,61.0144194306709,41.75233959220373,42.62136308302633,41.2560406874593,41.12419370172563,53.416666666666664,35.68416454855254
44,Georgia,2016,86.4763738517683,57.1160191629119,56.88511973921246,59.81,57.43065279641604,57.8835236845527,83.28828089642309,62.23333333333333,64.42666666666666,67.08145767527456,89.7326177108498,61.0144194306709,66.45035232823554,67.986424207805,57.074720229259064,61.0648256135673,49.949999999999996,54.62831890562497
45,Gambia,2018,5.2,38.0448334245869,29.3,28.415388609796498,33.443333333333335,5.1000000000000005,3.8,28.342291555259763,41.67333333333333,15.733333333333334,6.3,28.40191514575697,20.22666666666667,20.276666666666667,31.570000000000004,10.534902913980948,34.876666666666665,8.215477802859292
46,Greece,2001,94.5070449401902,82.25670066898441,61.31036174798879,81.98,65.54110558375886,63.238450075466865,92.0754208801545,81.81333333333333,89.81,70.97259967171652,97.143396399621,81.89091774084118,68.69225796727477,73.45903351888636,63.471520276957136,63.38577289941066,74.69333333333333,63.096716518932304
47,Guatemala,2006,42.4482004494179,38.0448334245869,31.2721554135764,34.192942213754264,34.517516715197395,21.4812324092754,42.025591527158,37.427598523289966,41.67333333333334,20.7218052603613,43.817406439467604,35.881582549906035,21.496659538137603,20.577871113563198,32.602759629644495,23.557583406141802,34.876666666666665,19.7888697447021
48,Guatemala,2013,68.0429040731067,43.6433853789764,50.1218215145092,27.27,53.355246307521604,34.4626563399215,67.6044642026215,34.193333333333335,48.92666666666667,36.375577696944106,68.50110350503121,30.480131980956497,37.2564028118704,35.497117586669795,51.78579928018829,39.075396618533794,37.6,29.7446925736019
49,Honduras,2013,69.73670746183129,43.6433853789764,55.767459943931705,27.27,57.9003868667841,31.737923115678,67.59727004680511,34.193333333333335,48.92666666666667,30.555961404718598,71.8445911630269,30.480131980956497,28.498102842244897,32.631381249193,56.8393729641694,33.7705803602884,37.6,29.7145328719723
50,"China, Hong Kong Special Administrative Region",2001,96.6241859258615,82.5010946898489,83.67439183545201,83.5058190936899,83.59460728754341,68.07642678844826,95.09017965510651,83.6694063912894,88.74000000000001,70.97259967171652,98.4116315365582,83.5689969409092,68.69225796727477,73.45903351888636,83.63175958722736,67.3799916980754,76.18333333333334,68.8193781094737
51,"China, Hong Kong Special Administrative Region",2006,99.1461542578339,92.8514373812282,89.41844992946083,89.73,90.19138665340957,68.07642678844826,98.78193308795592,91.24,95.69,70.97259967171652,99.6117728507654,90.4735462517501,68.69225796727477,73.45903351888636,89.7525309226312,67.3799916980754,89.93,68.8193781094737
52,"China, Hong Kong Special Administrative Region",2011,99.185077274539,84.960684308464,96.69914912956759,84.03666666666668,95.7147522271999,70.98779777068142,98.90722221330721,86.70333333333333,88.88,70.97259967171652,99.5737788175754,85.38452811624133,68.69225796727477,73.45903351888636,96.16563201826669,71.66347504281235,81.10000000000001,70.30022452539026
53,"China, Hong Kong Special Administrative Region",2016,98.5960957878485,78.49689291444953,78.25071447285887,78.48333333333333,80.58172528375563,68.07642678844826,98.0464183679241,80.30333333333334,84.35666666666667,70.97259967171652,99.1943739525418,79.3983930061546,68.69225796727477,73.45903351888636,79.43876468520999,67.3799916980754,72.73666666666666,68.8193781094737
54,Iceland,2001,92.1353315822221,80.86023636009033,72.50537528063633,82.75666666666666,72.17387532735687,71.93775014703222,89.81848553612271,81.86,87.58,70.97259967171652,94.7292402550704,82.30294838664064,68.69225796727477,73.45903351888636,72.31061028982509,72.01721984489767,74.24333333333333,71.8933339171267
55,Iceland,2006,93.17114345875,79.53711231731809,83.14299327937056,84.74,82.65334217833477,71.93775014703222,90.9228402454924,81.65,87.48,70.97259967171652,95.5993869880147,83.1816968334797,68.69225796727477,73.45903351888636,82.86320111253876,72.01721984489767,71.72,71.8933339171267
56,India,2017,47.2,43.49864478103806,53.0,25.80666666666667,53.0,43.6,47.0,34.42333333333334,47.6,46.3,49.0,29.93986526945243,45.0,47.0,52.9,44.0,39.04333333333334,44.0
57,Indonesia,2006,53.977075261193,41.7018123376159,36.8841823811826,29.61,33.622250908585265,21.26901693898837,48.9788892058808,38.63,46.2,29.395796889626666,59.2085733323063,34.2357196941055,28.1368623152452,30.704502339686798,35.12263623105684,21.04013478795947,37.43,21.989624118242002
58,Indonesia,2011,66.227102338145,43.6433853789764,47.50613506489453,30.9309580996505,45.5934843044844,30.123623900984537,61.530241600714795,34.87729242027593,48.92666666666667,39.792027818581495,70.90413265026521,32.687651097262126,37.569161421193165,42.06802137096926,46.43608477772437,31.1835281935831,37.6,29.2117060446548
59,Iran (Islamic Republic of),2001,56.1972177303309,46.732820171795595,34.724748542569095,35.032316410251504,31.888016015436165,24.445828474358535,49.1884121162444,35.459400520614565,50.093333333333334,29.395796889626666,62.0277755104869,35.277274897952466,28.136862315245196,30.7045023396868,33.299156763970636,25.3223446989492,43.47666666666667,23.89717804835237
60,Iran (Islamic Republic of),2006,59.83531186649321,43.49864478103806,39.34018463954723,35.032316410251504,40.175922381370434,21.611543859355933,57.64377773880079,35.459400520614565,47.6,28.57669632653537,62.40970007377889,35.277274897952466,26.26522969056713,30.800069634660733,39.7236173006933,23.757874444891,39.04333333333334,19.583248771365195
61,Iran (Islamic Republic of),2011,75.7436096571491,56.13137400183277,32.5402163285781,23.4780776064118,33.8730510368711,35.2572102600803,71.9066248389164,27.2957040110251,48.92666666666667,43.8844937062485,79.7481655972688,25.531304076532397,43.12234898908084,44.80422578929437,33.2168168293926,38.428140703314334,37.6,32.4859108113746
62,Iran (Islamic Republic of),2016,65.9896398626954,43.6433853789764,38.120116281991635,29.770950709736667,37.07518431847384,31.61667539666667,57.234714811972,30.491519482468302,48.92666666666667,38.80042019208474,76.3380060801503,30.045322604359665,35.715352576909,41.91295562765706,37.5105169872279,32.39719063986873,37.6,30.8828420295504
63,Ireland,2011,96.68726814384951,78.7926097464363,76.12305549469491,78.19,76.9734018945182,61.89473953067926,95.96157424192499,80.19333333333334,85.30666666666666,67.08145767527456,97.5302208935494,79.1767038711617,66.45035232823554,67.986424207805,76.5527540245281,64.82779130185916,72.06666666666666,58.759691275253296
64,Ireland,2016,97.6850008269844,79.04236213241143,71.36230616600177,73.64388010892154,74.11731993455408,68.07642678844826,97.4742414873464,76.15861944389268,85.88666666666666,70.97259967171652,98.01949757234391,74.92380862233966,68.69225796727477,73.45903351888636,72.74009975083354,67.3799916980754,72.09666666666666,68.8193781094737
65,Israel,2001,86.61473064806049,57.1160191629119,56.88511973921246,59.81,57.43065279641604,57.8835236845527,84.17459570341799,62.23333333333333,64.42666666666666,67.08145767527456,89.32320801199741,61.0144194306709,66.45035232823552,67.986424207805,57.074720229259064,61.0648256135673,49.949999999999996,54.62831890562497
66,Israel,2006,85.48654381047629,61.113766291827496,56.88511973921246,56.24,57.43065279641604,57.8835236845527,84.3587918046268,59.84,68.85,67.08145767527456,87.8475138925264,58.0247672394732,66.45035232823554,67.986424207805,57.074720229259064,61.0648256135673,53.26,54.62831890562497
67,Israel,2011,93.16450251283929,79.20971536385298,83.14299327937056,79.72333333333334,82.65334217833477,71.93775014703223,91.8559142014361,79.38333333333334,86.12666666666667,70.97259967171652,94.45377376359508,79.54838891114447,68.69225796727477,73.45903351888636,82.86320111253876,72.01721984489767,72.35333333333334,71.8933339171267
68,Israel,2016,91.0227051487565,82.2681722568971,70.49315323659556,80.99333333333334,71.20721391455102,66.8293106888197,88.7594102358076,81.60000000000001,88.35666666666667,70.97259967171654,93.4471537975183,81.29426995409948,68.69225796727476,73.45903351888637,70.85728249216398,67.90974614008603,76.21,65.73360979860357
69,Italy,2001,96.5567197731422,80.77678729126406,83.66218837723125,83.5058190936899,83.95510923572677,68.07642678844826,96.40665685854161,83.6694063912894,86.35666666666667,70.97259967171652,96.7200812073782,83.5689969409092,68.69225796727477,73.45903351888636,83.7988546410443,67.3799916980754,75.23333333333333,68.8193781094737
70,Italy,2006,98.1932751578524,73.609569790414,72.29331405758562,75.5563658692781,75.92514986991704,68.07642678844826,97.8349721352062,76.50802583518207,80.07,70.97259967171652,98.57317338173941,76.04177856570941,68.69225796727477,73.45903351888636,74.12817234997493,67.3799916980754,67.03,68.8193781094737
71,Italy,2011,97.66477291461969,70.56048048654374,66.44057872717171,60.9716403267646,71.0298228340539,55.06874714747857,97.31896510568909,66.445858331678,76.36999999999999,67.08145767527456,98.0690952653829,63.7843740659853,66.45035232823552,67.986424207805,68.73338083224421,55.86907830839247,64.97,54.39872942251727
72,Italy,2016,97.8607964560544,79.04236213241143,75.50424136605794,73.64388010892152,77.94898102183281,68.07642678844826,97.02430175014891,76.15861944389268,85.88666666666666,70.97259967171652,98.7324638635336,74.92380862233966,68.69225796727477,73.45903351888636,76.724217392543,67.3799916980754,72.09666666666666,68.8193781094737
73,CÃ´te d'Ivoire,2014,16.52,38.97644537130523,28.13,28.415388609796498,38.38,3.1,17.87,28.342291555259763,42.96666666666666,22.4,15.08,28.40191514575697,20.82,24.47,33.42,11.479999999999999,35.06666666666667,9.696666666666667
74,Kenya,2016,38.1,38.0448334245869,35.8,34.19294221375427,36.3,26.160410803091803,37.5,37.427598523289966,41.67333333333333,36.573935086787095,38.6,35.881582549906035,20.606659679053166,21.987763248646132,36.1,20.75020714014707,34.876666666666665,19.170422871920497
75,Kenya,2018,53.1,46.7328201717956,43.6,35.032316410251504,40.7,30.86338557567133,49.4,35.459400520614565,50.093333333333334,26.742189698499033,57.1,35.27727489795246,26.115595966701264,27.2654637318789,42.1,32.939513097211005,43.47666666666667,29.44163788648127
76,Democratic People's Republic of Korea,2017,93.5,80.5213678187125,77.829473638701,78.72666666666667,78.63480531150337,71.93775014703223,92.7,79.80666666666667,87.68,70.97259967171652,94.4,79.2662882510471,68.69225796727477,73.45903351888636,78.21178349263432,72.01721984489767,73.36,71.8933339171267
77,Kuwait,2001,50.590336555917794,38.044833424586905,29.8718129185656,34.192942213754264,26.081387915616364,22.38424558706373,40.518076069238504,37.427598523289966,41.67333333333334,33.38405652769727,61.459773752617295,35.881582549906035,24.067339378083364,28.26850738264213,27.743000199329,21.04013478795947,34.87666666666667,21.989624118242002
78,Kuwait,2006,28.1616198181187,38.0448334245869,29.398353651773196,28.415388609796498,30.658310393365962,19.364780960813743,19.0580383957591,28.342291555259763,41.67333333333333,22.260888250601997,38.1701170957872,28.40191514575697,22.1237896011563,22.00925158632803,29.77847120609661,22.02156958064761,34.876666666666665,16.40214446952596
79,Kuwait,2011,58.371154584040006,58.43393744587197,10.2695461660079,23.526268157173764,7.578029094001349,17.5095245804188,47.798192524289504,23.541825585482332,41.67333333333334,31.979639077728464,69.2669363288785,23.607188966529865,22.627926027597102,25.426801856454034,9.02964165712373,15.306009522921366,34.87666666666667,16.472068009271368
80,Kyrgyzstan,2018,38.7,38.0448334245869,54.53666666666666,34.19294221375427,56.76666666666666,17.599999999999998,35.1,37.427598523289966,41.67333333333333,27.833333333333332,42.2,35.881582549906035,19.902219846045867,19.4059570378544,45.36666666666667,20.183901120092536,34.876666666666665,16.4877953629772
81,Lao People's Democratic Republic,2011,24.03,38.0448334245869,14.397323842389122,28.415388609796498,15.048613659443072,18.631447627480412,21.409167502147437,28.342291555259763,41.67333333333333,20.394221583935334,27.844537866632397,28.40191514575697,19.350456267822967,20.832584919661368,14.517526329133402,20.59823624731428,34.876666666666665,16.215477802859294
82,Lesotho,2018,13.2,38.0448334245869,29.3,28.415388609796498,33.443333333333335,5.1000000000000005,7.9,28.342291555259763,41.67333333333333,15.733333333333334,18.4,28.40191514575697,20.22666666666667,20.276666666666667,31.570000000000004,10.534902913980948,34.876666666666665,8.215477802859292
83,Latvia,2001,98.5478682183185,78.49689291444953,78.25071447285887,78.48333333333333,80.58172528375563,68.07642678844826,98.0538417065691,80.30333333333334,84.35666666666667,70.97259967171652,99.074780693351,79.3983930061546,68.69225796727477,73.45903351888636,79.43876468520999,67.3799916980754,72.73666666666666,68.8193781094737
84,Latvia,2006,98.213781833993,78.7824919861685,76.8312471061391,78.66,79.2044779897148,68.07642678844826,97.19612761653059,79.98,87.22,70.97259967171652,99.2907004045784,79.2999524596945,68.69225796727477,73.45903351888636,78.04004310321587,67.3799916980754,69.88,68.8193781094737
85,Latvia,2016,99.1967171423755,84.960684308464,89.41844992946083,84.03666666666668,90.19138665340957,68.07642678844826,99.00310218723008,86.70333333333333,88.88,70.97259967171652,99.3776031502084,85.38452811624133,68.69225796727477,73.45903351888636,89.7525309226312,67.3799916980754,81.10000000000001,68.8193781094737
86,Luxembourg,2006,98.7721490412392,77.1460843322828,87.39031180995703,75.49,87.76863332526483,68.07642678844826,98.4261433763039,78.88,82.63,70.97259967171652,99.14535767503651,77.20812721743009,68.69225796727477,73.45903351888636,87.56308857205262,67.3799916980754,71.8,68.8193781094737
87,"China, Macao Special Administrative Region",2016,97.5975863961714,79.04236213241143,71.36230616600177,73.64388010892154,74.11731993455408,68.07642678844826,97.44349516343658,76.15861944389268,85.88666666666666,70.97259967171652,97.754879578825,74.92380862233966,68.69225796727477,73.45903351888636,72.74009975083354,67.3799916980754,72.09666666666666,68.8193781094737
88,Madagascar,2018,13.2,38.0448334245869,29.3,28.415388609796498,33.443333333333335,5.1000000000000005,11.6,28.342291555259763,41.67333333333333,15.733333333333333,14.7,28.40191514575697,20.22666666666667,20.276666666666667,31.570000000000004,10.534902913980948,34.876666666666665,8.215477802859292
89,Malta,2011,78.2012013127155,61.98393063463266,62.3132409498417,46.25999999999999,63.903642384880705,51.578652975937096,75.3677429878305,50.26666666666666,59.07333333333333,49.116603913022296,81.6384939664179,48.21432079815437,47.678762255018604,50.68220650375297,63.1283633499075,53.113540561066394,42.5,49.79225450064723
90,Malta,2016,73.1658133117453,46.59869946214413,47.19137557522193,26.986025868803935,48.307271797571,53.12208669173276,69.14822628103171,32.911901337008366,52.59666666666667,50.67363038903233,77.8042070716249,29.830542877909664,48.68555742181889,52.684816089197305,47.605073801894264,55.708625044127096,40.02,51.91326833907587
91,Mexico,2006,76.7096136012365,52.9892014766239,67.2344725790236,41.23,66.1208019776964,58.699191591546295,75.1719346818273,45.95,59.65,54.1446873321803,80.1560438604974,43.500415154521505,51.067766997097905,57.3961815608695,65.99829613531011,57.0290679818619,45.81,60.579935602908705
92,Mexico,2013,77.7759440013958,59.81870790715584,78.0432845134769,46.26,75.90737650694601,69.4626794589155,75.3818946829897,50.26666666666667,59.07333333333333,57.510001133109704,80.1771612912775,48.21432079815437,54.8015504967793,60.3596559196063,76.9806351360977,69.659670223262,42.5,69.2630401883172
93,Mongolia,2018,44.4,38.044833424586905,37.227397764121434,34.19294221375427,36.940501781801,21.941666870682667,42.8,37.427598523289966,41.67333333333334,28.446619556256,46.2,35.881582549906035,28.6245729563265,29.79702574475063,30.67949033355553,26.810567786759197,34.87666666666667,25.187795362977198
94,Morocco,2001,33.3683240253511,38.0448334245869,37.63,28.415388609796498,39.74666666666666,13.199999999999998,30.806884429334602,28.342291555259763,41.67333333333333,20.866666666666667,37.2323807900195,28.40191514575697,20.11,21.386666666666667,38.66,22.96666666666667,34.876666666666665,17.883333333333333
95,Morocco,2006,25.742814309731898,38.0448334245869,31.0883536517732,28.415388609796498,34.00497706003264,15.998114294147078,23.4994878682907,28.342291555259763,41.67333333333333,23.160888250602,28.3917488574976,28.40191514575697,22.120456267822963,24.322584919661367,32.38513787276327,17.79823624731428,34.876666666666665,14.018811136192626
96,Morocco,2011,21.0122560577184,38.0448334245869,9.586910571847769,12.2773391881267,9.61090979823133,3.8647809608137433,17.676546648463102,11.3740790959094,41.67333333333334,11.694221583935333,24.724061675134,11.796717481658302,18.63712293448963,18.999251586328032,9.59716536911037,13.779609565359548,34.876666666666665,11.806983250935792
97,Morocco,2016,36.0,38.0448334245869,54.53666666666667,28.415388609796505,56.76666666666667,17.599999999999998,35.53562814311153,28.342291555259763,41.67333333333333,27.833333333333332,38.16746026333984,28.40191514575697,19.902219846045867,19.4059570378544,55.660000000000004,19.709194468713935,34.876666666666665,16.146289914900702
98,Oman,2011,47.421594210312904,34.87704948384387,22.562891612149,20.9688266412628,18.0774110210933,19.842857913752134,39.1115899419502,11.6527955698699,40.36666666666667,28.446619556255996,56.0277403594034,16.4090279556126,22.627926027597102,25.426801856454034,20.283785294216603,16.74241773115487,29.209999999999997,16.019498901352534
99,Oman,2016,59.062619375348994,43.49864478103806,23.61459726457173,35.032316410251504,20.84735904676995,20.379869890469305,50.058898397300304,35.459400520614565,47.6,31.774583150932468,68.1551764650912,35.277274897952466,28.4189057855571,35.0212022645627,22.275703983011876,19.773716013513233,39.04333333333334,20.905673317217296
100,Netherlands,2001,99.2273959963544,84.960684308464,89.41844992946083,84.03666666666668,90.19138665340957,68.07642678844826,98.8894921942169,86.70333333333333,88.88,70.97259967171652,99.5611118849274,85.38452811624133,68.69225796727477,73.45903351888636,89.7525309226312,67.3799916980754,81.10000000000001,68.8193781094737
101,Netherlands,2006,99.44050795278179,84.884531211881,89.41844992946085,86.89,90.19138665340955,68.07642678844826,99.2777512779508,89.99,88.32,70.97259967171652,99.5927040395438,88.4719108795438,68.69225796727477,73.45903351888636,89.7525309226312,67.3799916980754,81.57,68.8193781094737
102,Netherlands,2011,99.5501695558643,84.960684308464,87.24342068582341,84.03666666666668,89.85985865745909,70.98779777068142,99.4654402794034,86.70333333333333,88.88,70.97259967171652,99.6833297795958,85.38452811624133,68.69225796727477,73.45903351888636,88.4268029116775,71.66347504281235,81.10000000000001,70.30022452539026
103,Netherlands,2016,98.6901571653247,84.91084877805427,82.37950419171757,82.17333333333333,84.15345966763236,68.07642678844826,97.9996121690176,84.05666666666667,89.56333333333333,70.97259967171652,99.4002377727698,83.12292427017313,68.69225796727477,73.45903351888636,83.2722560786491,67.3799916980754,80.37,68.8193781094737
104,New Zealand,2001,89.9839770961372,75.5947848885559,69.42436955306152,80.99333333333334,70.3404460713566,57.8835236845527,87.39818828964559,81.60000000000001,81.07,67.08145767527458,93.0918785378459,81.29426995409948,66.45035232823552,67.986424207805,69.79566212719551,61.0648256135673,70.39,54.62831890562497
105,New Zealand,2006,92.07288369662241,85.4714044384214,72.50537528063633,85.89,72.17387532735687,71.93775014703222,89.24338783526441,86.05,90.18,70.97259967171652,94.96977550764629,85.9648812240967,68.69225796727477,73.45903351888636,72.31061028982509,72.01721984489767,80.45,71.8933339171267
106,New Zealand,2011,91.6938577455614,82.2681722568971,58.388196735730105,80.99333333333334,57.687363896971206,55.06874714747857,89.96698847442741,81.60000000000001,88.35666666666667,62.740922111539795,93.55055667453199,81.29426995409948,62.09635335186599,63.686336767072056,58.0312800355225,55.86907830839247,76.21,54.39872942251727
107,New Zealand,2016,89.9734513470258,75.5947848885559,69.42436955306152,80.99333333333334,70.3404460713566,57.8835236845527,87.8028929803932,81.60000000000001,81.07000000000001,67.08145767527458,92.5190045502404,81.29426995409948,66.45035232823552,67.986424207805,69.79566212719551,61.0648256135673,70.39,54.62831890562497
108,Nicaragua,2006,55.7624655052558,46.6664287217811,35.672092958762,35.032316410251504,45.8239580384151,21.171755390211302,56.392023255087096,35.459400520614565,48.906666666666666,26.320100634818502,55.868659290127894,35.27727489795246,25.990125692602895,26.5204791344668,39.9509872763531,23.862644895924202,44.71,18.908589220127897
109,Nicaragua,2013,61.1610983400793,46.666428721781095,41.3259562316373,35.032316410251504,45.8888052789998,20.3616614841655,61.5164351817685,35.459400520614565,48.906666666666666,30.6868867082962,60.836044988725796,35.27727489795246,26.446734664966698,34.670282140005305,43.5473644164518,22.5642983582659,44.71,18.2147267283523
110,Niger,2014,8.79,38.0448334245869,23.1,28.415388609796498,30.59,1.4,9.04,28.342291555259767,41.67333333333333,2.1,8.46,28.40191514575697,20.22666666666667,20.276666666666667,27.37,10.534902913980948,34.876666666666665,8.215477802859292
111,Norway,2001,88.2085051607455,67.4755721730246,65.70022544203646,73.25666666666666,66.81932583189867,57.8835236845527,85.63095815751079,74.58999999999999,73.96,67.08145767527456,91.18418133097059,73.91730518863847,66.45035232823554,67.986424207805,66.1869011499396,61.0648256135673,61.32666666666666,54.62831890562497
112,Norway,2006,91.8273355589886,77.5721923245315,72.50537528063633,77.64,72.17387532735687,71.93775014703222,89.8112346022846,77.88,85.08,70.97259967171652,94.20338930258,77.7622671023455,68.69225796727477,73.45903351888636,72.31061028982509,72.01721984489767,70.56,71.8933339171267
113,Norway,2011,94.82267299769579,79.11343192190573,61.07046886853729,79.19333333333333,64.4723736180124,51.3573162764372,93.1724173946765,79.08,86.90333333333335,62.740922111539795,96.4476171823014,79.12707388295773,62.09635335186599,63.686336767072056,62.7246322612146,50.3575877030398,71.39333333333333,52.3821901768396
114,Norway,2016,98.60948160123829,78.49689291444953,78.25071447285887,78.48333333333333,80.58172528375563,68.07642678844826,98.02826948812451,80.30333333333334,84.35666666666667,70.97259967171652,99.2404907951841,79.3983930061546,68.69225796727477,73.45903351888636,79.43876468520999,67.3799916980754,72.73666666666666,68.8193781094737
115,Pakistan,2014,35.0,38.0448334245869,37.63,28.415388609796505,39.74666666666666,13.199999999999998,29.82866218521117,28.342291555259763,41.67333333333333,20.866666666666667,36.92311749824267,28.40191514575697,20.11,21.386666666666667,38.66,22.96666666666667,34.876666666666665,17.883333333333333
116,Panama,2006,51.5523031974442,46.6664287217811,36.0693542876665,35.032316410251504,33.3880588846933,19.9679312227074,48.3335216359733,35.459400520614565,48.906666666666666,30.3208638247787,55.4670066942939,35.277274897952466,27.010059213811804,33.8893283351102,34.3226933894001,19.2483587814413,44.71,21.1465770684586
117,Panama,2013,64.8324873096447,43.49864478103806,52.83511413307429,32.6909580996505,49.646829810901004,22.653589429233104,60.5082069766749,37.3739590869426,47.6,35.913761108009794,68.9353042593482,34.93953386673966,32.4511539775728,39.1838770241727,51.1711947056775,20.6789181268698,39.04333333333333,24.595478970910502
118,Paraguay,2006,50.6784401056502,46.6664287217811,46.878902211421,35.032316410251504,46.21546961325971,28.6543140557739,48.8976563910923,35.459400520614565,48.906666666666666,25.831305758313103,54.6489322688933,35.27727489795246,24.2456987522583,27.3439813011297,46.2565789047782,30.076495749250103,44.71,28.3271846711414
119,Paraguay,2013,61.095693288107704,43.49864478103806,47.1035449151784,35.032316410251504,46.453607659865504,23.301214703691002,58.98938065711639,35.459400520614565,47.6,28.7231016364914,63.3328791388473,35.27727489795246,26.3588287141318,31.2094476295101,46.7712324974866,24.846680080482898,39.04333333333333,21.626430365615395
120,Peru,2006,54.5707927474372,46.6664287217811,37.639219619418796,35.032316410251504,41.402114856575295,38.1847486618844,53.9726473943902,35.459400520614565,48.906666666666666,32.035221085788194,55.575306414016104,35.27727489795246,33.154828979665496,30.8801973828205,39.337669292855296,42.9231254822193,44.71,34.049846461472505
121,Peru,2013,79.505592625392,59.694244923605766,67.27117611966129,47.67333333333334,71.6395381364265,52.5951800411775,79.0016324189581,51.59,61.66,46.305021261522505,80.0738087687553,49.59380211472956,44.8903753251579,47.86951146229771,69.5751506050496,58.4878468695896,45.166666666666664,46.5297412820411
122,Poland,2006,93.0361507253825,83.7609200077384,83.14299327937056,79.45,82.65334217833477,71.93775014703222,91.3628668204313,80.87,89.81,70.97259967171652,94.6257209768711,80.1556615358562,68.69225796727477,73.45903351888636,82.86320111253876,72.01721984489767,77.62,71.8933339171267
123,Poland,2011,94.58391202952721,79.11343192190573,52.6504734422158,75.94,58.4342013797416,55.06874714747857,93.31192864223551,77.07333333333334,86.90333333333335,62.740922111539795,95.96726947029708,76.50244439316366,62.09635335186599,63.686336767072056,55.6451242379906,55.86907830839247,71.39333333333333,54.39872942251727
124,Poland,2016,98.00745777221,79.04236213241143,67.78316937270284,73.64388010892154,71.51889162277907,68.07642678844826,97.6090623171287,76.15861944389268,85.88666666666666,70.97259967171652,98.4119956383271,74.92380862233966,68.69225796727477,73.45903351888636,69.68089378560721,67.3799916980754,72.09666666666666,68.8193781094737
125,Portugal,2011,97.5936997891881,79.04236213241143,80.0543778728322,81.59333333333332,80.8678071934472,70.98779777068142,96.59396167642291,83.32000000000001,85.88666666666666,70.97259967171654,98.6830060179575,82.45102699753947,68.69225796727476,73.45903351888637,80.46899309196701,71.66347504281237,72.09666666666666,70.30022452539026
126,Portugal,2016,97.0072916429052,80.77678729126406,74.58979842184283,80.13303253594476,76.09851295470884,68.07642678844826,96.76061593506809,81.59469250184873,86.35666666666667,70.97259967171652,97.2540841219572,80.87574497550233,68.69225796727477,73.45903351888636,75.34655748159484,67.3799916980754,75.23333333333333,68.8193781094737
127,Qatar,2006,32.7913685828345,18.4326879361448,37.63,20.952055276463167,39.74666666666666,13.199999999999998,26.1791021262989,20.552291555259767,24.82,20.866666666666667,39.7369717047085,20.8138217104588,20.11,21.386666666666667,38.66,22.96666666666667,12.2,17.883333333333333
128,Qatar,2011,59.66959601519421,43.49864478103806,29.591052771826,30.504074931803004,28.185354205246,24.445828474358535,54.0961784794177,27.756324301015898,47.6,35.4520283035223,65.9267412566422,29.117027822217302,28.718337962026727,30.430001617465834,28.8522549881415,25.3223446989492,39.04333333333334,23.89717804835237
129,Qatar,2016,66.1801344388404,43.6433853789764,47.50613506489453,29.770950709736667,45.5934843044844,30.123623900984537,59.6765944723022,30.491519482468295,48.92666666666667,39.792027818581495,72.696835332582,30.045322604359665,37.569161421193165,42.06802137096926,46.43608477772437,31.1835281935831,37.6,29.2117060446548
130,Romania,2001,88.39765958154301,67.4755721730246,73.63846593066138,73.25666666666666,76.19537049323837,57.8835236845527,86.2398789951779,74.58999999999999,73.96,67.08145767527456,90.61309666378271,73.91730518863847,66.45035232823554,67.986424207805,74.766232959697,61.0648256135673,61.32666666666666,54.62831890562497
131,Romania,2006,83.94750015528321,46.4935332941934,56.88511973921246,45.55,57.43065279641604,60.859805601111795,82.29343062688109,48.98,56.48,60.9840145083483,86.0978806450187,47.256223950194,58.95685838439366,62.91083917770513,57.074720229259064,63.74828565180434,36.43,57.884078380914836
132,Romania,2011,85.929417382565,62.4024331953403,57.5212589511273,59.81,56.560908409281204,49.97839229369384,84.2937318283351,62.23333333333333,70.13666666666666,57.01337859975484,88.2819706610474,61.0144194306709,55.37944857985,59.06006491730833,57.0251274672909,51.9551210370808,53.416666666666664,47.890550978037034
133,Saudi Arabia,2011,64.9864483020085,55.26615350512893,24.6770577843656,19.9999778302585,24.0919298528693,22.38424558706373,51.094708043069204,20.3426811865771,47.6,35.4520283035223,78.0980281511353,20.1768192498715,28.718337962026727,30.430001617465834,24.394491334188103,25.3223446989492,39.04333333333334,23.89717804835237
134,Saudi Arabia,2016,63.330693257693504,42.77816488227256,23.292447355724335,31.828975687004334,22.25251217952015,28.80443925933767,50.656319584421794,29.36362758280693,48.82,38.189466936009005,77.1320534474523,30.590974749874466,35.0022612008713,41.43897775442943,22.811149254093113,29.4225572132669,36.17666666666667,28.186807860764763
135,Senegal,2014,28.74,38.97644537130523,59.66,33.27,66.48,29.1,30.81,42.21333333333333,42.96666666666666,34.8,26.53,37.527958704750596,35.2,34.23,63.2,33.33,35.06666666666667,25.0
136,Sierra Leone,2017,6.1,38.0448334245869,29.3,28.415388609796498,33.443333333333335,5.1000000000000005,4.3,28.342291555259763,41.67333333333333,15.733333333333334,7.6,28.40191514575697,20.22666666666667,20.276666666666667,31.570000000000004,10.534902913980948,34.876666666666665,8.215477802859292
137,Singapore,2001,90.2089599298842,75.5947848885559,69.42436955306152,80.99333333333334,70.3404460713566,57.8835236845527,87.55228633261329,81.60000000000001,81.07,67.08145767527458,93.0726548645855,81.29426995409948,66.45035232823552,67.986424207805,69.79566212719551,61.0648256135673,70.39,54.62831890562497
138,Singapore,2006,96.65490372225719,82.5010946898489,83.67439183545201,83.5058190936899,83.59460728754341,68.07642678844826,95.5409466313787,83.6694063912894,88.74000000000001,70.97259967171652,97.98235003442551,83.5689969409092,68.69225796727477,73.45903351888636,83.63175958722736,67.3799916980754,76.18333333333334,68.8193781094737
139,Singapore,2011,96.79117009841309,83.78184612784106,94.84574213882891,94.6074572810697,92.94261277466481,70.98779777068142,95.74863900210579,90.4082191738682,88.02666666666666,70.97259967171652,97.9022049541887,92.476831668937,68.69225796727477,73.45903351888636,93.873531645187,71.66347504281235,79.51,70.30022452539026
140,Singapore,2016,97.2527302653673,78.7926097464363,75.90023921455527,80.13303253594476,77.39664805435184,68.07642678844826,96.40105923988821,81.59469250184874,85.30666666666666,70.97259967171652,98.16394057595751,80.87574497550234,68.69225796727477,73.45903351888636,76.65197050407447,67.3799916980754,72.06666666666668,68.8193781094737
141,Slovenia,2001,91.1444737408158,82.2681722568971,70.49315323659556,80.99333333333334,71.20721391455102,66.8293106888197,88.59246547540279,81.60000000000001,88.35666666666667,70.97259967171654,93.7770660183642,81.29426995409948,68.69225796727476,73.45903351888637,70.85728249216396,67.90974614008603,76.21,65.73360979860357
142,Slovenia,2006,94.43295946397369,83.47206968189671,55.63502343440056,81.75,60.68610490940421,68.07642678844826,92.6904789887547,82.92,92.14,70.97259967171652,96.3264183751638,82.3353948531876,68.69225796727477,73.45903351888636,58.198133617042934,67.3799916980754,74.74,68.8193781094737
143,Slovenia,2011,95.47442888516069,80.59631697037518,70.2101429332133,79.22,73.7167417535226,58.8334760609035,94.2935537482204,81.17333333333335,87.28666666666668,67.08145767527456,96.8708770215364,80.18851800232608,66.45035232823552,67.986424207805,72.0448043316662,61.4185704156526,73.91666666666667,56.2214282973614
144,Slovenia,2016,96.3191021423131,78.7926097464363,80.39298018891238,83.50581909368991,81.21091880756855,68.07642678844826,95.27285290216021,83.6694063912894,85.30666666666666,70.97259967171652,97.4283431448725,83.5689969409092,68.69225796727477,73.45903351888636,80.8236966671271,67.3799916980754,72.06666666666668,68.8193781094737
145,South Africa,2006,22.203749898045,38.0448334245869,14.56399050905579,28.415388609796498,14.015280326109739,9.931447627480411,19.1676788865378,28.342291555259763,41.67333333333333,9.794221583935334,25.442817645016397,28.40191514575697,14.557122934489632,17.57925158632803,14.084192995800066,10.534902913980948,34.876666666666665,8.215477802859292
146,South Africa,2016,22.0,38.0448334245869,14.397323842389122,28.415388609796498,15.048613659443072,9.931447627480411,20.404187124195566,28.342291555259763,41.67333333333333,9.794221583935334,24.7219196729384,28.40191514575697,14.557122934489632,17.57925158632803,14.517526329133402,10.534902913980948,34.876666666666665,8.215477802859292
147,Zimbabwe,2019,19.6,38.0448334245869,23.172303523949257,28.415388609796498,25.370303266077105,9.931447627480411,18.0,28.342291555259763,41.67333333333333,9.794221583935334,21.2,28.40191514575697,14.557122934489632,17.57925158632803,24.335721789703456,10.534902913980948,34.876666666666665,8.215477802859292
148,Spain,2006,93.5376068456217,74.33111376650241,77.829473638701,74.98,78.63480531150337,71.93775014703223,93.35226880355378,75.63,81.09,70.97259967171652,93.7460514504385,75.3078083640975,68.69225796727477,73.45903351888636,78.21178349263432,72.01721984489767,67.72,71.8933339171267
149,Spain,2011,93.8719157136015,80.5213678187125,53.184127992448595,78.72666666666667,59.1517397304586,55.06874714747857,93.0743514634382,79.80666666666667,87.68,62.740922111539795,94.82208657135429,79.2662882510471,62.09635335186599,63.686336767072056,56.2246443519236,55.86907830839247,73.36,54.39872942251727
150,Spain,2016,96.5686578309103,78.7926097464363,83.66218837723125,83.5058190936899,83.95510923572677,68.07642678844826,95.6796815532629,83.6694063912894,85.30666666666666,70.97259967171652,97.57467120235641,83.5689969409092,68.69225796727477,73.45903351888636,83.7988546410443,67.3799916980754,72.06666666666668,68.8193781094737
151,Suriname,2018,29.7,38.0448334245869,43.76333333333333,28.415388609796498,50.38666666666666,20.933333333333334,29.3,28.342291555259763,41.67333333333333,26.766666666666666,30.3,28.40191514575697,26.483333333333334,26.776666666666667,47.050000000000004,22.96666666666667,34.876666666666665,17.883333333333333
152,Sweden,2001,98.45307726069571,79.04236213241143,72.29331405758562,78.48333333333333,75.92514986991704,68.07642678844826,97.7661970439196,80.30333333333333,85.88666666666666,70.97259967171652,99.1398472637323,79.3983930061546,68.69225796727477,73.45903351888636,74.12817234997493,67.3799916980754,72.09666666666666,68.8193781094737
153,Sweden,2006,98.18682401069071,84.7350246206518,72.68931190608293,81.3,75.37281690243607,68.07642678844826,97.7771610047883,82.05,90.37,70.97259967171652,98.7554338261458,81.6870993413392,68.69225796727477,73.45903351888636,74.05592546150639,67.3799916980754,79.38,68.8193781094737
154,Sweden,2011,97.59201405948922,79.04236213241143,67.6285722726637,73.64388010892152,69.37282393161101,55.06874714747857,97.1535891781143,76.15861944389268,85.88666666666666,67.08145767527456,98.0039106680239,74.92380862233968,66.45035232823552,67.986424207805,68.5166401668386,55.86907830839247,72.09666666666666,54.39872942251727
155,Sweden,2016,98.07444871007229,79.04236213241143,67.78316937270284,73.64388010892152,71.51889162277907,68.07642678844826,97.48443741229342,76.15861944389268,85.88666666666666,70.97259967171652,98.7124137136462,74.92380862233968,68.69225796727477,73.45903351888636,69.68089378560721,67.3799916980754,72.09666666666666,68.8193781094737
156,Togo,2014,18.77,38.97644537130523,36.93,28.415388609796498,43.1,19.7,19.95,28.342291555259763,42.96666666666666,15.8,17.44,28.40191514575697,13.81,16.05,40.21,19.85,35.06666666666667,17.34
157,Trinidad and Tobago,2006,64.38439695686999,43.6433853789764,43.24728568297133,33.2723164102515,44.01191264706184,30.123623900984537,58.9411588176117,32.962733853947896,48.92666666666667,39.792027818581495,70.46653651627051,33.02539212847493,37.569161421193165,42.06802137096927,43.6230684844985,31.1835281935831,37.6,29.2117060446548
158,Trinidad and Tobago,2011,77.99835043855141,61.983930634632664,69.59903327878233,38.9026925354706,66.98174251104857,51.65640732770283,72.60114646065121,43.03856800367504,56.973333333333336,51.58244675635263,83.9975268132509,40.97268084026717,49.07028137589314,54.094588700015926,68.3286056320312,55.299945349540906,41.38999999999999,47.7846172574779
159,Trinidad and Tobago,2016,80.33565287631941,61.98393063463266,66.6012155831259,38.9026925354706,65.57723337176763,55.866045192486105,75.40935923939999,43.03856800367503,59.07333333333333,55.63282255696657,84.5170024573799,40.97268084026717,53.249821215475436,58.035522088932,66.1083430945858,58.9220644200548,42.5,52.62715686924347
160,United Arab Emirates,2011,63.9823124402491,42.77816488227256,34.9307381167995,44.9828742989515,35.0875775916898,20.935078550426965,58.0585802322328,39.9918772608278,48.82,32.0842973594311,70.0160287085631,42.4790771775346,31.220364339909864,32.882352667318465,35.0093147709675,22.163147070961468,36.17666666666667,19.803654086921266
161,United Arab Emirates,2016,67.57122696513561,43.6433853789764,47.50613506489453,34.437624766317164,45.593484304484406,31.61667539666667,61.632187172352,36.35729242027593,48.92666666666667,38.80042019208474,73.9669441599478,35.27188946394173,35.715352576909,41.91295562765706,46.43608477772437,32.39719063986873,37.6,30.8828420295504
162,Tunisia,2018,47.0,38.044833424586905,40.33693609282563,34.19294221375427,38.626552182875535,33.783698003118566,45.9,37.427598523289966,41.67333333333334,37.55334741713193,48.1,35.881582549906035,28.441106499673968,30.795139544125067,42.36043626880923,27.564346004766474,34.87666666666667,27.240799623686467
163,Uganda,2014,20.2,38.0448334245869,23.0,28.415388609796498,23.4,3.8647809608137442,17.3,28.342291555259763,41.67333333333333,11.694221583935333,23.3,28.40191514575697,18.63712293448963,18.999251586328032,23.2,13.779609565359548,34.876666666666665,11.806983250935792
164,Uganda,2015,33.2,38.0448334245869,20.3,28.415388609796505,21.9,19.608333537349335,32.5,28.342291555259763,41.67333333333333,28.779952889589328,33.8,28.40191514575697,16.638362557482797,18.202943997745333,21.0,15.015470700740147,34.876666666666665,12.623273165836494
165,North Macedonia,2001,66.67202657750249,43.6433853789764,49.8545572923081,30.9309580996505,49.66473528678603,30.123623900984537,63.702538111793295,34.87729242027593,48.92666666666667,39.792027818581495,70.0723407803495,32.687651097262126,37.569161421193165,42.06802137096927,49.66254517968537,31.1835281935831,37.6,29.2117060446548
166,North Macedonia,2006,65.7623637835041,43.6433853789764,43.24728568297133,30.9309580996505,44.01191264706184,30.123623900984537,62.025673660496395,34.87729242027593,48.92666666666667,39.792027818581495,69.754999684303,32.687651097262126,37.569161421193165,42.06802137096927,43.6230684844985,31.1835281935831,37.6,29.2117060446548
167,United States of America,2001,93.986299444921,82.25670066898441,68.00733101422863,81.98,70.67744648255297,63.238450075466865,91.8144296881643,81.81333333333333,89.81,70.97259967171652,96.2410685499307,81.89091774084118,68.69225796727477,73.45903351888636,69.35293633428957,63.38577289941066,74.69333333333333,63.096716518932304
168,United States of America,2006,95.9624111177343,75.02892262973307,69.13455576548184,71.09,71.7208390886844,68.07642678844826,94.7664748419644,72.67,81.26333333333334,70.97259967171652,97.109529567905,71.86412996220591,68.69225796727477,73.45903351888636,70.44073020580296,67.3799916980754,68.85000000000001,68.8193781094737
169,United States of America,2011,97.51735888988529,79.04236213241143,80.0177674981699,81.59333333333332,81.9493130379973,70.98779777068142,96.90500972878709,83.32000000000001,85.88666666666666,70.97259967171654,98.1187611292497,82.45102699753947,68.69225796727476,73.45903351888637,80.9702782534178,71.66347504281237,72.09666666666666,70.30022452539026
170,United States of America,2016,96.0940799180221,80.35580231167904,80.39298018891238,83.50581909368991,81.21091880756855,68.07642678844826,95.434807638174,83.6694063912894,86.94666666666666,70.97259967171652,96.83183919790889,83.5689969409092,68.69225796727477,73.45903351888636,80.8236966671271,67.3799916980754,73.68666666666667,68.8193781094737
171,Burkina Faso,2014,35.59,38.0448334245869,56.79,35.03,61.04,21.9,30.695328851877832,44.71,41.67333333333334,21.4,39.723117498242665,39.77984147422813,22.13,19.58,58.88,24.12,34.876666666666665,17.9
172,Uruguay,2006,75.3500141503937,53.3625904272741,69.05911157747461,52.0,67.87082116196041,72.7174977438989,73.1909764077837,55.87,61.09,59.1263440860215,79.8839738941262,53.8863232897476,54.8591828639429,63.2869374976425,68.26588536898001,73.88288704863591,45.26,73.3884362888555
173,Uruguay,2013,79.7853879661437,59.81870790715583,76.9092752944847,51.26333333333333,73.5026521937682,68.23172604422611,77.93682635748529,54.89666666666667,62.13999999999999,58.5721650468753,81.79433174444809,53.05577149313826,53.90762407279961,63.2251420725428,75.11690231956379,69.49395289624441,44.98333333333333,67.05489614243321
